"horodatage","chemin_relatif","phase","erreur"
"08/07/2026 16:08:44","Audit_user_gmail.xlsx","permissions-sp","Le serveur distant a retourné une erreur : (401) Non autorisé."
"08/07/2026 16:08:46","Capture d’écran 2026-01-27 172058.jpg","permissions-sp","Le serveur distant a retourné une erreur : (401) Non autorisé."
"08/07/2026 16:08:47","01-Internal Ops","lookup","Source introuvable"
"08/07/2026 16:08:47","01-Internal Ops/A-Veilles et traitement","lookup","Source introuvable"
"08/07/2026 16:08:48","01-Internal Ops/A-Veilles et traitement/00 - A - Documents accessibles par l'API","lookup","Source introuvable"
"08/07/2026 16:08:48","01-Internal Ops/A-Veilles et traitement/Veille reg. Allemagne","lookup","Source introuvable"
"08/07/2026 16:08:48","01-Internal Ops/A-Veilles et traitement/Veille reg. Australie","lookup","Source introuvable"
"08/07/2026 16:08:48","01-Internal Ops/A-Veilles et traitement/Veille reg. Belgique","lookup","Source introuvable"
"08/07/2026 16:08:49","01-Internal Ops/A-Veilles et traitement/Veille reg. Brésil","lookup","Source introuvable"
"08/07/2026 16:08:49","01-Internal Ops/A-Veilles et traitement/Veille reg. Canada","lookup","Source introuvable"
"08/07/2026 16:08:50","01-Internal Ops/A-Veilles et traitement/Veille reg. Corée du Sud","lookup","Source introuvable"
"08/07/2026 16:08:51","01-Internal Ops/A-Veilles et traitement/Veille reg. Espagne","lookup","Source introuvable"
"08/07/2026 16:08:51","01-Internal Ops/A-Veilles et traitement/Veille reg. Estonie","lookup","Source introuvable"
"08/07/2026 16:08:51","01-Internal Ops/A-Veilles et traitement/Veille reg. Europe","lookup","Source introuvable"
"08/07/2026 16:08:51","01-Internal Ops/A-Veilles et traitement/Veille reg. Finlande","lookup","Source introuvable"
"08/07/2026 16:08:52","01-Internal Ops/A-Veilles et traitement/Veille reg. France","lookup","Source introuvable"
"08/07/2026 16:08:52","01-Internal Ops/A-Veilles et traitement/Veille reg. Inde","lookup","Source introuvable"
