"Decision";"Motif";"Nom";"Utilisateur";"Mail";"CompteActif";"TypeUtilisateur";"LicencePowerBI";"SkusAttribues";"DateAttributionLicence";"AuditPurviewComplet";"DebutControleAudit";"FinControleAudit";"NombreActivitesAudit";"DerniereActivitePowerBI";"JoursDepuisDerniereActivite";"DerniereOperation";"ConnexionsEntraCompletes";"SourceControleConnexions";"DebutControleConnexions";"NombreConnexionsEntra";"NombreConnexionsInteractives";"NombreConnexionsNonInteractives";"DerniereConnexionEntra";"DerniereConnexionOnline";"DerniereConnexionDesktop";"ErreurAudit";"ErreurConnexionsEntra"
"CANDIDAT AU RETRAIT - VALIDATION HUMAINE";"Aucune activite Power BI trouvee sur toute la periode de 90 jours. Valider avec le manager avant retrait.";"Abi Stanton";"abi.stanton@infopro-digital.com";"abi.stanton@1lod.com";"True";"Member";"Power BI Pro";"DYN365_BUSCENTRAL_TEAM_MEMBER | ENTERPRISEPACK | FLOW_FREE | POWER_BI_PRO";"11/03/2026 16:31:10 +01:00";"True";"27/05/2026 16:31:57 +02:00";"25/08/2026 16:31:57 +02:00";"0";;;;"True";"Controle individuel par ID Entra";"26/07/2026 16:31:57 +02:00";"0";"0";"0";;;;;"Le serveur distant a retourné une erreur : (410) Non disponible."
"CANDIDAT AU RETRAIT - VALIDATION HUMAINE";"Aucune activite Power BI trouvee sur toute la periode de 90 jours. Valider avec le manager avant retrait.";"Abigail McLemore";"Abigail.McLemore@infopro-digital.com";"abigail.mclemore@infopro-digital.com";"True";"Member";"Power BI Pro";"DYN365_BUSCENTRAL_TEAM_MEMBER | ENTERPRISEPACK | FLOW_FREE | MCOEV | POWER_BI_PRO";"11/03/2026 16:31:08 +01:00";"True";"27/05/2026 16:31:57 +02:00";"25/08/2026 16:31:57 +02:00";"0";;;;"True";"Controle individuel par ID Entra";"26/07/2026 16:31:57 +02:00";"0";"0";"0";;;;;"Le serveur distant a retourné une erreur : (410) Non disponible."
"CANDIDAT AU RETRAIT - VALIDATION HUMAINE";"Aucune activite Power BI trouvee sur toute la periode de 90 jours. Valider avec le manager avant retrait.";"CANTO, Albane";"albane.canto@technicites.fr";"albane.canto@technicites.fr";"True";"Member";"Power BI Pro";"FLOW_FREE | POWER_BI_PRO | POWER_BI_STANDARD | STANDARDPACK";"26/04/2023 10:50:05 +02:00";"True";"27/05/2026 16:31:57 +02:00";"25/08/2026 16:31:57 +02:00";"0";;;;"True";"Controle individuel par ID Entra";"26/07/2026 16:31:57 +02:00";"0";"0";"0";;;;;"Le serveur distant a retourné une erreur : (410) Non disponible."
"CANDIDAT AU RETRAIT - VALIDATION HUMAINE";"Aucune activite Power BI trouvee sur toute la periode de 90 jours. Valider avec le manager avant retrait.";"MENAY, Aurelie (EXT)";"aurelie.menay@infopro-digital.com";"aurelie.menay@infopro-digital.com";"True";"Member";"Power BI Pro";"FLOW_FREE | POWER_BI_PRO | POWER_BI_STANDARD | STANDARDPACK";"25/08/2025 11:54:57 +02:00";"True";"27/05/2026 16:31:57 +02:00";"25/08/2026 16:31:57 +02:00";"0";;;;"True";"Controle individuel par ID Entra";"26/07/2026 16:31:57 +02:00";"0";"0";"0";;;;;"Le serveur distant a retourné une erreur : (410) Non disponible."
"CANDIDAT AU RETRAIT - VALIDATION HUMAINE";"Aucune activite Power BI trouvee sur toute la periode de 90 jours. Valider avec le manager avant retrait.";"Ben St Clair";"Ben.StClair@infopro-digital.com";"ben.stclair@infopro-digital.com";"True";"Member";"Power BI Pro";"FLOW_FREE | MCOEV | POWER_BI_STANDARD | POWERAPPS_VIRAL | SPE_E5";"31/07/2025 15:47:03 +02:00";"True";"27/05/2026 16:31:57 +02:00";"25/08/2026 16:31:57 +02:00";"0";;;;"True";"Controle individuel par ID Entra";"26/07/2026 16:31:57 +02:00";"0";"0";"0";;;;;"Le serveur distant a retourné une erreur : (410) Non disponible."
"CANDIDAT AU RETRAIT - VALIDATION HUMAINE";"Aucune activite Power BI trouvee sur toute la periode de 90 jours. Valider avec le manager avant retrait.";"Bethany Jones";"Bethany.Jones@infopro-digital.com";"bethany.jones@infopro-digital.com";"True";"Member";"Power BI Pro";"DYN365_BUSCENTRAL_TEAM_MEMBER | ENTERPRISEPACK | FLOW_FREE | MCOEV | Microsoft_365_Copilot | POWER_BI_PRO | POWER_BI_STANDARD";"11/03/2026 16:31:18 +01:00";"True";"27/05/2026 16:31:57 +02:00";"25/08/2026 16:31:57 +02:00";"0";;;;"True";"Controle individuel par ID Entra";"26/07/2026 16:31:57 +02:00";"0";"0";"0";;;;;"Le serveur distant a retourné une erreur : (410) Non disponible."
"CANDIDAT AU RETRAIT - VALIDATION HUMAINE";"Aucune activite Power BI trouvee sur toute la periode de 90 jours. Valider avec le manager avant retrait.";"RUAT, Celine";"celine.ruat@infopro-digital.com";"celine.ruat@infopro-digital.com";"True";"Member";"Power BI Pro";"FLOW_FREE | POWER_BI_STANDARD | SPE_E5";"17/07/2025 10:55:28 +02:00";"True";"27/05/2026 16:31:57 +02:00";"25/08/2026 16:31:57 +02:00";"0";;;;"True";"Controle individuel par ID Entra";"26/07/2026 16:31:57 +02:00";"0";"0";"0";;;;;"Le serveur distant a retourné une erreur : (410) Non disponible."
"CANDIDAT AU RETRAIT - VALIDATION HUMAINE";"Aucune activite Power BI trouvee sur toute la periode de 90 jours. Valider avec le manager avant retrait.";"JOURNET, Chris";"chris.journet@infopro-digital.com";"chris.journet@infopro-digital.com";"True";"Member";"Power BI Pro";"DYN365_BUSCENTRAL_ESSENTIAL | FLOW_FREE | SPE_E5";"28/07/2025 15:00:39 +02:00";"True";"27/05/2026 16:31:57 +02:00";"25/08/2026 16:31:57 +02:00";"0";;;;"True";"Controle individuel par ID Entra";"26/07/2026 16:31:57 +02:00";"0";"0";"0";;;;;"Le serveur distant a retourné une erreur : (410) Non disponible."
"CANDIDAT AU RETRAIT - VALIDATION HUMAINE";"Aucune activite Power BI trouvee sur toute la periode de 90 jours. Valider avec le manager avant retrait.";"CZAJKA, Christophe";"christophe.czajka@infopro-digital.com";"cczajka@infopro-digital.com";"True";"Member";"Power BI Pro";"DYN365_BUSCENTRAL_TEAM_MEMBER | FLOW_FREE | Microsoft_365_Copilot | Microsoft_Teams_Audio_Conferencing_select_dial_out | POWER_BI_STANDARD | SPE_E5";"17/07/2025 10:55:31 +02:00";"True";"27/05/2026 16:31:57 +02:00";"25/08/2026 16:31:57 +02:00";"0";;;;"True";"Controle individuel par ID Entra";"26/07/2026 16:31:57 +02:00";"0";"0";"0";;;;;"Le serveur distant a retourné une erreur : (410) Non disponible."
"CANDIDAT AU RETRAIT - VALIDATION HUMAINE";"Aucune activite Power BI trouvee sur toute la periode de 90 jours. Valider avec le manager avant retrait.";"Claire Hammond";"claire.hammond@infopro-digital.com";"claire.hammond@infopro-digital.com";"True";"Member";"Power BI Pro";"DYN365_BUSCENTRAL_ESSENTIAL | ENTERPRISEPACK | FLOW_FREE | MCOEV | POWER_BI_PRO | POWER_BI_STANDARD";"21/04/2023 16:25:20 +02:00";"True";"27/05/2026 16:31:57 +02:00";"25/08/2026 16:31:57 +02:00";"0";;;;"True";"Controle individuel par ID Entra";"26/07/2026 16:31:57 +02:00";"0";"0";"0";;;;;"Le serveur distant a retourné une erreur : (410) Non disponible."
"CANDIDAT AU RETRAIT - VALIDATION HUMAINE";"Aucune activite Power BI trouvee sur toute la periode de 90 jours. Valider avec le manager avant retrait.";"HETHERINGTON, Clare";"clare.hetherington@infopro-digital.com";"clare.hetherington@infopro-digital.com";"True";"Member";"Power BI Pro";"DYN365_BUSCENTRAL_TEAM_MEMBER | FLOW_FREE | POWER_BI_STANDARD | SPE_E5";"28/07/2025 15:00:40 +02:00";"True";"27/05/2026 16:31:57 +02:00";"25/08/2026 16:31:57 +02:00";"0";;;;"True";"Controle individuel par ID Entra";"26/07/2026 16:31:57 +02:00";"0";"0";"0";;;;;"Le serveur distant a retourné une erreur : (410) Non disponible."
"CANDIDAT AU RETRAIT - VALIDATION HUMAINE";"Aucune activite Power BI trouvee sur toute la periode de 90 jours. Valider avec le manager avant retrait.";"WATTS, Darryl";"darryl.watts@infopro-digital.com";"darryl.watts@infopro-digital.com";"True";"Member";"Power BI Pro";"DYN365_BUSCENTRAL_ESSENTIAL | ENTERPRISEPACK | POWER_BI_PRO | POWER_BI_STANDARD";"12/02/2025 15:24:06 +01:00";"True";"27/05/2026 16:31:57 +02:00";"25/08/2026 16:31:57 +02:00";"0";;;;"True";"Controle individuel par ID Entra";"26/07/2026 16:31:57 +02:00";"0";"0";"0";;;;;"Le serveur distant a retourné une erreur : (410) Non disponible."
"CANDIDAT AU RETRAIT - VALIDATION HUMAINE";"Aucune activite Power BI trouvee sur toute la periode de 90 jours. Valider avec le manager avant retrait.";"HUSSENOT, Fanny";"fanny.hussenot@infopro-digital.com";"fanny.hussenot@companeo.com";"True";"Member";"Power BI Pro";"FLOW_FREE | POWER_BI_PRO | POWER_BI_STANDARD | STANDARDPACK";"06/09/2022 15:46:50 +02:00";"True";"27/05/2026 16:31:57 +02:00";"25/08/2026 16:31:57 +02:00";"0";;;;"True";"Controle individuel par ID Entra";"26/07/2026 16:31:57 +02:00";"0";"0";"0";;;;;"Le serveur distant a retourné une erreur : (410) Non disponible."
"CANDIDAT AU RETRAIT - VALIDATION HUMAINE";"Aucune activite Power BI trouvee sur toute la periode de 90 jours. Valider avec le manager avant retrait.";"MASSIERA, Florent";"florent.massiera@infopro-digital.com";"fmassiera@infopro-digital.com";"True";"Member";"Power BI Pro";"ENTERPRISEPACK | FLOW_FREE | Microsoft_365_Copilot | POWER_BI_PRO | POWER_BI_STANDARD";"19/09/2022 14:05:24 +02:00";"True";"27/05/2026 16:31:57 +02:00";"25/08/2026 16:31:57 +02:00";"0";;;;"True";"Controle individuel par ID Entra";"26/07/2026 16:31:57 +02:00";"0";"0";"0";;;;;"Le serveur distant a retourné une erreur : (410) Non disponible."
"CANDIDAT AU RETRAIT - VALIDATION HUMAINE";"Aucune activite Power BI trouvee sur toute la periode de 90 jours. Valider avec le manager avant retrait.";"Hayley Carroll";"hayley.carroll@barbour-abi.com";"hayley.carroll@barbour-abi.com";"True";"Member";"Power BI Pro";"ENTERPRISEPACK | FLOW_FREE | POWER_BI_PRO | POWER_BI_STANDARD";"21/05/2026 14:53:43 +02:00";"True";"27/05/2026 16:31:57 +02:00";"25/08/2026 16:31:57 +02:00";"0";;;;"True";"Controle individuel par ID Entra";"26/07/2026 16:31:57 +02:00";"0";"0";"0";;;;;"Le serveur distant a retourné une erreur : (410) Non disponible."
"CANDIDAT AU RETRAIT - VALIDATION HUMAINE";"Aucune activite Power BI trouvee sur toute la periode de 90 jours. Valider avec le manager avant retrait.";"VAN DEN HENGEL-ALBERS, Inge";"inge.van-den-hengel-albers@infopro-digital.com";"inge.van-den-hengel-albers@infopro-digital.com";"True";"Member";"Power BI Pro";"POWER_BI_PRO | POWER_BI_STANDARD | SPE_E3";"06/11/2025 11:31:39 +01:00";"True";"27/05/2026 16:31:57 +02:00";"25/08/2026 16:31:57 +02:00";"0";;;;"True";"Controle individuel par ID Entra";"26/07/2026 16:31:57 +02:00";"0";"0";"0";;;;;"Le serveur distant a retourné une erreur : (410) Non disponible."
"CANDIDAT AU RETRAIT - VALIDATION HUMAINE";"Aucune activite Power BI trouvee sur toute la periode de 90 jours. Valider avec le manager avant retrait.";"Zoppa, Ingo";"Ingo.Zoppa@infopro-digital.com";"I.Zoppa@ibau.de";"True";"Member";"Power BI Pro";"ENTERPRISEPACK | FLOW_FREE | POWER_BI_PRO | POWER_BI_STANDARD";"02/02/2026 10:42:46 +01:00";"True";"27/05/2026 16:31:57 +02:00";"25/08/2026 16:31:57 +02:00";"0";;;;"True";"Controle individuel par ID Entra";"26/07/2026 16:31:57 +02:00";"0";"0";"0";;;;;"Le serveur distant a retourné une erreur : (410) Non disponible."
"CANDIDAT AU RETRAIT - VALIDATION HUMAINE";"Aucune activite Power BI trouvee sur toute la periode de 90 jours. Valider avec le manager avant retrait.";"PERO, Jocelyne";"jocelyne.pero@infopro-digital.com";"jocelyne.pero@infopro-digital.com";"True";"Member";"Power BI Pro";"FLOW_FREE | POWER_BI_PRO | POWER_BI_STANDARD | STANDARDPACK";"29/07/2024 12:11:06 +02:00";"True";"27/05/2026 16:31:57 +02:00";"25/08/2026 16:31:57 +02:00";"0";;;;"True";"Controle individuel par ID Entra";"26/07/2026 16:31:57 +02:00";"0";"0";"0";;;;;"Le serveur distant a retourné une erreur : (410) Non disponible."
"CANDIDAT AU RETRAIT - VALIDATION HUMAINE";"Aucune activite Power BI trouvee sur toute la periode de 90 jours. Valider avec le manager avant retrait.";"ELMALEH, Julien";"julien.elmaleh@infopro-digital.com";"julien.elmaleh@infopro-digital.com";"True";"Member";"Power BI Pro";"FLOW_FREE | Microsoft_Teams_Audio_Conferencing_select_dial_out | POWER_BI_STANDARD | SPE_E5";"17/07/2025 10:55:29 +02:00";"True";"27/05/2026 16:31:57 +02:00";"25/08/2026 16:31:57 +02:00";"0";;;;"True";"Controle individuel par ID Entra";"26/07/2026 16:31:57 +02:00";"0";"0";"0";;;;;"Le serveur distant a retourné une erreur : (410) Non disponible."
"CANDIDAT AU RETRAIT - VALIDATION HUMAINE";"Aucune activite Power BI trouvee sur toute la periode de 90 jours. Valider avec le manager avant retrait.";"Menges, Karin";"Karin.Menges@infopro-digital.com";"K.Menges@ibau.de";"True";"Member";"Power BI Pro";"FLOW_FREE | POWER_BI_PRO | POWER_BI_STANDARD | STANDARDPACK";"05/02/2026 09:22:12 +01:00";"True";"27/05/2026 16:31:57 +02:00";"25/08/2026 16:31:57 +02:00";"0";;;;"True";"Controle individuel par ID Entra";"26/07/2026 16:31:57 +02:00";"0";"0";"0";;;;;"Le serveur distant a retourné une erreur : (410) Non disponible."
"CANDIDAT AU RETRAIT - VALIDATION HUMAINE";"Aucune activite Power BI trouvee sur toute la periode de 90 jours. Valider avec le manager avant retrait.";"HORSTMANN, Katharina | BauNetz";"katharina.horstmann@infopro-digital.com";"horstmann@baunetz.com";"True";"Member";"Power BI Pro";"FLOW_FREE | POWER_BI_PRO | POWER_BI_STANDARD | STANDARDPACK";"15/04/2025 11:01:33 +02:00";"True";"27/05/2026 16:31:57 +02:00";"25/08/2026 16:31:57 +02:00";"0";;;;"True";"Controle individuel par ID Entra";"26/07/2026 16:31:57 +02:00";"0";"0";"0";;;;;"Le serveur distant a retourné une erreur : (410) Non disponible."
"CANDIDAT AU RETRAIT - VALIDATION HUMAINE";"Aucune activite Power BI trouvee sur toute la periode de 90 jours. Valider avec le manager avant retrait.";"Leigh Millar";"leigh.millar@infopro-digital.com";"leigh.millar@infopro-digital.com";"True";"Member";"Power BI Pro";"DYN365_BUSCENTRAL_TEAM_MEMBER | ENTERPRISEPACK | FLOW_FREE | MCOEV | POWER_BI_PRO | POWER_BI_STANDARD";"11/03/2026 16:31:09 +01:00";"True";"27/05/2026 16:31:57 +02:00";"25/08/2026 16:31:57 +02:00";"0";;;;"True";"Controle individuel par ID Entra";"26/07/2026 16:31:57 +02:00";"0";"0";"0";;;;;"Le serveur distant a retourné une erreur : (410) Non disponible."
"CANDIDAT AU RETRAIT - VALIDATION HUMAINE";"Aucune activite Power BI trouvee sur toute la periode de 90 jours. Valider avec le manager avant retrait.";"Lourenço GASPAR";"lourenco.gaspar@infopro-digital.com";"lgaspar@companeo.com";"True";"Member";"Power BI Pro";"ENTERPRISEPACK | FLOW_FREE | POWER_BI_PRO | POWER_BI_STANDARD";"28/04/2025 09:36:11 +02:00";"True";"27/05/2026 16:31:57 +02:00";"25/08/2026 16:31:57 +02:00";"0";;;;"True";"Controle individuel par ID Entra";"26/07/2026 16:31:57 +02:00";"0";"0";"0";;;;;"Le serveur distant a retourné une erreur : (410) Non disponible."
"CANDIDAT AU RETRAIT - VALIDATION HUMAINE";"Aucune activite Power BI trouvee sur toute la periode de 90 jours. Valider avec le manager avant retrait.";"MANIGOT, Ludovic (EXT)";"ludovic.manigot@infopro-digital.com";"ludovic.manigot@infopro-digital.com";"True";"Member";"Power BI Pro";"POWER_BI_PRO | POWER_BI_STANDARD | STANDARDPACK";"02/09/2025 14:55:06 +02:00";"True";"27/05/2026 16:31:57 +02:00";"25/08/2026 16:31:57 +02:00";"0";;;;"True";"Controle individuel par ID Entra";"26/07/2026 16:31:57 +02:00";"0";"0";"0";;;;;"Le serveur distant a retourné une erreur : (410) Non disponible."
"CANDIDAT AU RETRAIT - VALIDATION HUMAINE";"Aucune activite Power BI trouvee sur toute la periode de 90 jours. Valider avec le manager avant retrait.";"RANDALL, Martynn";"Martynn.Randall@infopro-digital.com";"martynn.randall@infopro-digital.com";"True";"Member";"Power BI Pro";"FLOW_FREE | SPE_E5";"28/07/2025 15:00:38 +02:00";"True";"27/05/2026 16:31:57 +02:00";"25/08/2026 16:31:57 +02:00";"0";;;;"True";"Controle individuel par ID Entra";"26/07/2026 16:31:57 +02:00";"0";"0";"0";;;;;"Le serveur distant a retourné une erreur : (410) Non disponible."
"CANDIDAT AU RETRAIT - VALIDATION HUMAINE";"Aucune activite Power BI trouvee sur toute la periode de 90 jours. Valider avec le manager avant retrait.";"QUINTIN, Maureen";"maureen.quintin@infopro-digital.com";"maureen.quintin@infopro-digital.com";"True";"Member";"Power BI Pro";"POWER_BI_PRO | POWER_BI_STANDARD | STANDARDPACK";"20/02/2024 09:49:08 +01:00";"True";"27/05/2026 16:31:57 +02:00";"25/08/2026 16:31:57 +02:00";"0";;;;"True";"Controle individuel par ID Entra";"26/07/2026 16:31:57 +02:00";"0";"0";"0";;;;;"Le serveur distant a retourné une erreur : (410) Non disponible."
"CANDIDAT AU RETRAIT - VALIDATION HUMAINE";"Aucune activite Power BI trouvee sur toute la periode de 90 jours. Valider avec le manager avant retrait.";"CURVAT, Nathalie";"ngrosdidier@idice.fr";"nathalie.curvat@infopro-digital.com";"True";"Member";"Power BI Pro";"FLOW_FREE | POWER_BI_STANDARD | SPE_E5";"17/07/2025 10:55:26 +02:00";"True";"27/05/2026 16:31:57 +02:00";"25/08/2026 16:31:57 +02:00";"0";;;;"True";"Controle individuel par ID Entra";"26/07/2026 16:31:57 +02:00";"0";"0";"0";;;;;"Le serveur distant a retourné une erreur : (410) Non disponible."
"CANDIDAT AU RETRAIT - VALIDATION HUMAINE";"Aucune activite Power BI trouvee sur toute la periode de 90 jours. Valider avec le manager avant retrait.";"DUFOURT, Philippine";"philippine.dufourt@infopro-digital.com";"p.dufourt@toute-la-franchise.com";"True";"Member";"Power BI Pro";"FLOW_FREE | POWER_BI_PRO | POWER_BI_STANDARD | STANDARDPACK";"31/12/2025 10:54:50 +01:00";"True";"27/05/2026 16:31:57 +02:00";"25/08/2026 16:31:57 +02:00";"0";;;;"True";"Controle individuel par ID Entra";"26/07/2026 16:31:57 +02:00";"0";"0";"0";;;;;"Le serveur distant a retourné une erreur : (410) Non disponible."
"CANDIDAT AU RETRAIT - VALIDATION HUMAINE";"Aucune activite Power BI trouvee sur toute la periode de 90 jours. Valider avec le manager avant retrait.";"Pilotage.BI.IPDA (EXT)";"pilotage.BI.IPDA_gmail.com#EXT#@infoprodigital365.onmicrosoft.com";"pilotage.BI.IPDA@gmail.com";"True";"Guest";"Power BI Pro";"POWER_BI_PRO";"23/02/2021 18:24:03 +01:00";"True";"27/05/2026 16:31:57 +02:00";"25/08/2026 16:31:57 +02:00";"0";;;;"True";"Controle individuel par ID Entra";"26/07/2026 16:31:57 +02:00";"0";"0";"0";;;;;"Le serveur distant a retourné une erreur : (410) Non disponible."
"CANDIDAT AU RETRAIT - VALIDATION HUMAINE";"Aucune activite Power BI trouvee sur toute la periode de 90 jours. Valider avec le manager avant retrait.";"pilote.BI.IPDA (EXT)";"pilote.BI.IPDA_gmail.com#EXT#@infoprodigital365.onmicrosoft.com";"pilote.BI.IPDA@gmail.com";"True";"Guest";"Power BI Pro";"POWER_BI_PRO";"23/02/2021 18:34:09 +01:00";"True";"27/05/2026 16:31:57 +02:00";"25/08/2026 16:31:57 +02:00";"0";;;;"True";"Controle individuel par ID Entra";"26/07/2026 16:31:57 +02:00";"0";"0";"0";;;;;"Le serveur distant a retourné une erreur : (410) Non disponible."
"CANDIDAT AU RETRAIT - VALIDATION HUMAINE";"Aucune activite Power BI trouvee sur toute la periode de 90 jours. Valider avec le manager avant retrait.";"COUSTILLAS, Raphael";"raphael.coustillas@infopro-digital.com";"raphael.coustillas@infopro-digital.com";"True";"Member";"Power BI Pro";"FLOW_FREE | POWER_BI_PRO | POWER_BI_STANDARD | STANDARDPACK";"06/04/2021 14:52:53 +02:00";"True";"27/05/2026 16:31:57 +02:00";"25/08/2026 16:31:57 +02:00";"0";;;;"True";"Controle individuel par ID Entra";"26/07/2026 16:31:57 +02:00";"0";"0";"0";;;;;"Le serveur distant a retourné une erreur : (410) Non disponible."
"CANDIDAT AU RETRAIT - VALIDATION HUMAINE";"Aucune activite Power BI trouvee sur toute la periode de 90 jours. Valider avec le manager avant retrait.";"Rob Evers";"rob.evers@infopro-digital.com";"rob.evers@infopro-digital.com";"True";"Member";"Power BI Pro";"ENTERPRISEPACK | FLOW_FREE | MCOEV | POWER_BI_PRO | POWER_BI_STANDARD";"04/07/2025 10:55:39 +02:00";"True";"27/05/2026 16:31:57 +02:00";"25/08/2026 16:31:57 +02:00";"0";;;;"True";"Controle individuel par ID Entra";"26/07/2026 16:31:57 +02:00";"0";"0";"0";;;;;"Le serveur distant a retourné une erreur : (410) Non disponible."
"CANDIDAT AU RETRAIT - VALIDATION HUMAINE";"Aucune activite Power BI trouvee sur toute la periode de 90 jours. Valider avec le manager avant retrait.";"WILLS, Rob";"Rob.Wills@infopro-digital.com";"rob.wills@infopro-digital.com";"True";"Member";"Power BI Pro";"FLOW_FREE | SPE_E5";"28/07/2025 15:00:38 +02:00";"True";"27/05/2026 16:31:57 +02:00";"25/08/2026 16:31:57 +02:00";"0";;;;"True";"Controle individuel par ID Entra";"26/07/2026 16:31:57 +02:00";"0";"0";"0";;;;;"Le serveur distant a retourné une erreur : (410) Non disponible."
"CANDIDAT AU RETRAIT - VALIDATION HUMAINE";"Aucune activite Power BI trouvee sur toute la periode de 90 jours. Valider avec le manager avant retrait.";"MOUSSAC, Sandrine";"sandrine.moussac@infopro-digital.com";"sandrine.moussac@infopro-digital.com";"True";"Member";"Power BI Pro";"FLOW_FREE | POWER_BI_STANDARD | SPE_E5";"28/07/2025 15:00:39 +02:00";"True";"27/05/2026 16:31:57 +02:00";"25/08/2026 16:31:57 +02:00";"0";;;;"True";"Controle individuel par ID Entra";"26/07/2026 16:31:57 +02:00";"0";"0";"0";;;;;"Le serveur distant a retourné une erreur : (410) Non disponible."
"CANDIDAT AU RETRAIT - VALIDATION HUMAINE";"Aucune activite Power BI trouvee sur toute la periode de 90 jours. Valider avec le manager avant retrait.";"LOUPIAS, Sarah";"sarah.loupias@infopro-digital.com";"sarah.loupias@infopro-digital.com";"True";"Member";"Power BI Pro";"FLOW_FREE | POWER_BI_STANDARD | SPE_E5 | STREAM";"25/07/2025 15:58:07 +02:00";"True";"27/05/2026 16:31:57 +02:00";"25/08/2026 16:31:57 +02:00";"0";;;;"True";"Controle individuel par ID Entra";"26/07/2026 16:31:57 +02:00";"0";"0";"0";;;;;"Le serveur distant a retourné une erreur : (410) Non disponible."
"CANDIDAT AU RETRAIT - VALIDATION HUMAINE";"Aucune activite Power BI trouvee sur toute la periode de 90 jours. Valider avec le manager avant retrait.";"LE MENAHEZE, Sophie";"sophie.lemenaheze@infopro-digital.com";"sophie.lemenaheze@infopro-digital.com";"True";"Member";"Power BI Pro";"FLOW_FREE | SPE_E5";"28/07/2025 15:00:38 +02:00";"True";"27/05/2026 16:31:57 +02:00";"25/08/2026 16:31:57 +02:00";"0";;;;"True";"Controle individuel par ID Entra";"26/07/2026 16:31:57 +02:00";"0";"0";"0";;;;;"Le serveur distant a retourné une erreur : (410) Non disponible."
"CANDIDAT AU RETRAIT - VALIDATION HUMAINE";"Aucune activite Power BI trouvee sur toute la periode de 90 jours. Valider avec le manager avant retrait.";"svc_Finance Service Account";"svc_finance-se@infoprodigital365.onmicrosoft.com";"svc_finance-se@infoprodigital365.onmicrosoft.com";"True";"Member";"Power BI Pro";"POWER_BI_PRO | POWER_BI_STANDARD | STANDARDPACK";"10/02/2026 15:53:17 +01:00";"True";"27/05/2026 16:31:57 +02:00";"25/08/2026 16:31:57 +02:00";"0";;;;"True";"Controle individuel par ID Entra";"26/07/2026 16:31:57 +02:00";"0";"0";"0";;;;;"Le serveur distant a retourné une erreur : (410) Non disponible."
"CANDIDAT AU RETRAIT - VALIDATION HUMAINE";"Aucune activite Power BI trouvee sur toute la periode de 90 jours. Valider avec le manager avant retrait.";"Düppe, Yvonne";"Yvonne.Dueppe@infopro-digital.com";"Y.Dueppe@ibau.de";"True";"Member";"Power BI Pro";"ENTERPRISEPACK | FLOW_FREE | POWER_BI_PRO | POWER_BI_STANDARD";"05/02/2026 09:22:12 +01:00";"True";"27/05/2026 16:31:57 +02:00";"25/08/2026 16:31:57 +02:00";"0";;;;"True";"Controle individuel par ID Entra";"26/07/2026 16:31:57 +02:00";"0";"0";"0";;;;;"Le serveur distant a retourné une erreur : (410) Non disponible."
"CANDIDAT AU RETRAIT - VALIDATION HUMAINE";"Aucune activite Power BI trouvee sur toute la periode de 90 jours. Valider avec le manager avant retrait.";"SCHULTE, Rabea Zoé | Heinze";"zoe.schulte@infopro-digital.com";"zoe.schulte@heinze.de";"True";"Member";"Power BI Pro";"POWER_BI_PRO | POWER_BI_STANDARD | STANDARDPACK";"02/01/2026 12:57:41 +01:00";"True";"27/05/2026 16:31:57 +02:00";"25/08/2026 16:31:57 +02:00";"0";;;;"True";"Controle individuel par ID Entra";"26/07/2026 16:31:57 +02:00";"0";"0";"0";;;;;"Le serveur distant a retourné une erreur : (410) Non disponible."
