"migration";"chemin";"type";"source_id";"cible_id";"source_date_ou_url";"taille_ou_url_cible"
"fethy.faradji@infopro-digital.com -> UserMercury@infopro-digital.com";"Fichiers de conversation Microsoft Teams/requete de la mort qui tue 2 fois.sql";"VERSION";"1.0";"3.0";"09/18/2026 12:58:15";"30455"
"fethy.faradji@infopro-digital.com -> UserMercury@infopro-digital.com";"Fichiers de conversation Microsoft Teams/requete de la mort qui tue 3 fois.sql";"VERSION";"1.0";"3.0";"09/18/2026 12:59:29";"30417"
"fethy.faradji@infopro-digital.com -> UserMercury@infopro-digital.com";"Documents/DBATRC/OPSIM01_ora_1984452_DBATRC.trm";"VERSION";"1.0";"12.0";"02/08/2024 13:43:07";"79"
"fethy.faradji@infopro-digital.com -> UserMercury@infopro-digital.com";"Documents/Nouveau dossier (2)/srv_listener_folder/.github/copilot-instructions.md";"VERSION";"1.0";"3.0";"09/18/2026 14:45:01";"362"
"fethy.faradji@infopro-digital.com -> UserMercury@infopro-digital.com";"Documents/Nouveau dossier (2)/srv_listener_folder/obj/Debug/.NETFramework,Version=v4.7.AssemblyAttributes.cs";"VERSION";"2.0";"12.0";"09/18/2026 14:45:10";"192"
"fethy.faradji@infopro-digital.com -> UserMercury@infopro-digital.com";"Documents/Nouveau dossier (2)/srv_listener_folder/obj/Debug/DesignTimeResolveAssemblyReferencesInput.cache";"VERSION";"7.0";"11.0";"09/18/2026 14:45:10";"2436"
"fethy.faradji@infopro-digital.com -> UserMercury@infopro-digital.com";"Documents/Nouveau dossier (2)/srv_listener_folder/obj/Debug/srv_listener_folder.csproj.AssemblyReference.cache";"VERSION";"7.0";"11.0";"09/18/2026 14:45:10";"14743"
"fethy.faradji@infopro-digital.com -> UserMercury@infopro-digital.com";"Documents/Nouveau dossier (2)/srv_listener_folder/.vs/srv_listener_folder/FileContentIndex/fcd637a4-55f4-4a06-ac36-adad4af4bbcf.vsidx";"VERSION";"1.0";"3.0";"09/18/2026 14:45:11";"63788"
"fethy.faradji@infopro-digital.com -> UserMercury@infopro-digital.com";"Documents/Nouveau dossier (2)/srv_listener_folder/.vs/srv_listener_folder/v17/.suo";"VERSION";"2.0";"4.0";"09/18/2026 14:46:58";"91648"
"fethy.faradji@infopro-digital.com -> UserMercury@infopro-digital.com";"Documents/Nouveau dossier (2)/srv_listener_folder/.vs/srv_listener_folder/v17/DocumentLayout.json";"VERSION";"1.0";"3.0";"09/18/2026 14:46:58";"1283"
"fethy.faradji@infopro-digital.com -> UserMercury@infopro-digital.com";"Documents/Nouveau dossier (2)/srv_listener_folder/.vs/srv_listener_folder/CopilotIndices/17.14.1696.13113/CodeChunks.db";"VERSION";"2.0";"4.0";"09/18/2026 14:46:58";"172032"
"fethy.faradji@infopro-digital.com -> UserMercury@infopro-digital.com";"Documents/Nouveau dossier (2)/srv_listener_folder/.vs/srv_listener_folder/CopilotIndices/17.14.1696.13113/SemanticSymbols.db";"VERSION";"2.0";"4.0";"09/18/2026 14:46:58";"98304"
