"utc";"migration";"chemin";"phase";"erreur"
"2026-09-15T09:41:16.3105089Z";"fethy.faradji@infopro-digital.com -> UserMercury@infopro-digital.com";"Applications";"item";"Exception lors de l'appel de « Replace » avec « 3 » argument(s) : « Le chemin d'accès n'a pas une forme conforme. »"
"2026-09-15T09:41:17.6174643Z";"fethy.faradji@infopro-digital.com -> UserMercury@infopro-digital.com";"Attachments";"item";"Exception lors de l'appel de « Replace » avec « 3 » argument(s) : « Le chemin d'accès n'a pas une forme conforme. »"
"2026-09-15T09:41:18.9763835Z";"fethy.faradji@infopro-digital.com -> UserMercury@infopro-digital.com";"Bureau";"item";"Exception lors de l'appel de « Replace » avec « 3 » argument(s) : « Le chemin d'accès n'a pas une forme conforme. »"
"2026-09-15T09:41:20.1544639Z";"fethy.faradji@infopro-digital.com -> UserMercury@infopro-digital.com";"Contacts";"item";"Exception lors de l'appel de « Replace » avec « 3 » argument(s) : « Le chemin d'accès n'a pas une forme conforme. »"
"2026-09-15T09:41:21.3104323Z";"fethy.faradji@infopro-digital.com -> UserMercury@infopro-digital.com";"corespondance FNS-FNSIMPLE";"item";"Exception lors de l'appel de « Replace » avec « 3 » argument(s) : « Le chemin d'accès n'a pas une forme conforme. »"
"2026-09-15T09:41:22.3984468Z";"fethy.faradji@infopro-digital.com -> UserMercury@infopro-digital.com";"D";"item";"Exception lors de l'appel de « Replace » avec « 3 » argument(s) : « Le chemin d'accès n'a pas une forme conforme. »"
"2026-09-15T09:41:25.1121178Z";"fethy.faradji@infopro-digital.com -> UserMercury@infopro-digital.com";"Documents";"item";"Exception lors de l'appel de « Replace » avec « 3 » argument(s) : « Le chemin d'accès n'a pas une forme conforme. »"
"2026-09-15T09:41:26.2795480Z";"fethy.faradji@infopro-digital.com -> UserMercury@infopro-digital.com";"Enregistrements";"item";"Mapping de groupe/principal manquant : i:0i.t|ms.sp.ext|6bc3b958-689b-49f5-9006-36d165f30e00@2eea08b8-1972-447b-ad43-d044d042500a (type 32)."
"2026-09-15T09:41:27.4715468Z";"fethy.faradji@infopro-digital.com -> UserMercury@infopro-digital.com";"Favorites";"item";"Exception lors de l'appel de « Replace » avec « 3 » argument(s) : « Le chemin d'accès n'a pas une forme conforme. »"
"2026-09-15T09:41:28.7041765Z";"fethy.faradji@infopro-digital.com -> UserMercury@infopro-digital.com";"Fichiers de conversation Microsoft Teams";"item";"Exception lors de l'appel de « Replace » avec « 3 » argument(s) : « Le chemin d'accès n'a pas une forme conforme. »"
"2026-09-15T09:41:30.0075381Z";"fethy.faradji@infopro-digital.com -> UserMercury@infopro-digital.com";"Fichiers Microsoft Copilot Chat";"item";"Exception lors de l'appel de « Replace » avec « 3 » argument(s) : « Le chemin d'accès n'a pas une forme conforme. »"
"2026-09-15T09:41:31.1638254Z";"fethy.faradji@infopro-digital.com -> UserMercury@infopro-digital.com";"Images";"item";"Exception lors de l'appel de « Replace » avec « 3 » argument(s) : « Le chemin d'accès n'a pas une forme conforme. »"
"2026-09-15T09:41:32.2165293Z";"fethy.faradji@infopro-digital.com -> UserMercury@infopro-digital.com";"Links";"item";"Exception lors de l'appel de « Replace » avec « 3 » argument(s) : « Le chemin d'accès n'a pas une forme conforme. »"
"2026-09-15T09:41:33.3129801Z";"fethy.faradji@infopro-digital.com -> UserMercury@infopro-digital.com";"Microsoft Teams Chat Files";"item";"Exception lors de l'appel de « Replace » avec « 3 » argument(s) : « Le chemin d'accès n'a pas une forme conforme. »"
"2026-09-15T09:41:34.3849084Z";"fethy.faradji@infopro-digital.com -> UserMercury@infopro-digital.com";"MicrosoftEdgeBackups";"item";"Exception lors de l'appel de « Replace » avec « 3 » argument(s) : « Le chemin d'accès n'a pas une forme conforme. »"
"2026-09-15T09:41:36.1487001Z";"fethy.faradji@infopro-digital.com -> UserMercury@infopro-digital.com";"Nouveau dossier";"item";"Exception lors de l'appel de « Replace » avec « 3 » argument(s) : « Le chemin d'accès n'a pas une forme conforme. »"
"2026-09-15T09:41:37.2484801Z";"fethy.faradji@infopro-digital.com -> UserMercury@infopro-digital.com";"repos";"item";"Exception lors de l'appel de « Replace » avec « 3 » argument(s) : « Le chemin d'accès n'a pas une forme conforme. »"
"2026-09-15T09:41:38.1013646Z";"fethy.faradji@infopro-digital.com -> UserMercury@infopro-digital.com";"Réunions";"item";"Mapping de groupe/principal manquant : i:0i.t|ms.sp.ext|6bc3b958-689b-49f5-9006-36d165f30e00@2eea08b8-1972-447b-ad43-d044d042500a (type 32)."
"2026-09-15T09:41:39.2000136Z";"fethy.faradji@infopro-digital.com -> UserMercury@infopro-digital.com";"Sauvegarde PC 1F1N42";"item";"Exception lors de l'appel de « Replace » avec « 3 » argument(s) : « Le chemin d'accès n'a pas une forme conforme. »"
"2026-09-15T09:41:41.8755398Z";"fethy.faradji@infopro-digital.com -> UserMercury@infopro-digital.com";"source";"item";"Lien dce4af91-d70d-4d6d-b484-2414a52fc2eb : portee/type non pris en charge (users/edit). Traitement manuel requis."
"2026-09-15T09:41:44.3759335Z";"fethy.faradji@infopro-digital.com -> UserMercury@infopro-digital.com";"VM XP";"item";"Lien 747c1491-d1da-4e41-93b7-b6e4ec8c7490 : portee/type non pris en charge (users/edit). Traitement manuel requis."
"2026-09-15T09:41:45.1497768Z";"fethy.faradji@infopro-digital.com -> UserMercury@infopro-digital.com";"VMV2";"item";"Mapping manquant pour nicolas.panier@infopro-digital.com dans user_mapping.csv."
"2026-09-15T09:41:45.9018115Z";"fethy.faradji@infopro-digital.com -> UserMercury@infopro-digital.com";"Whiteboards";"item";"Exception lors de l'appel de « Replace » avec « 3 » argument(s) : « Le chemin d'accès n'a pas une forme conforme. »"
"2026-09-15T09:41:46.0700469Z";"fethy.faradji@infopro-digital.com -> UserMercury@infopro-digital.com";"1.docx";"item";"Fichier cible preexistant sans checkpoint v2 : impossible de deduire son historique du nombre de versions. Voir notice."
"2026-09-15T09:41:46.1815880Z";"fethy.faradji@infopro-digital.com -> UserMercury@infopro-digital.com";"am_ko_12072023.xlsx";"item";"Fichier cible preexistant sans checkpoint v2 : impossible de deduire son historique du nombre de versions. Voir notice."
"2026-09-15T09:41:46.2999453Z";"fethy.faradji@infopro-digital.com -> UserMercury@infopro-digital.com";"Analyse SIM vs SF - 20241107 2.xlsx";"item";"Fichier cible preexistant sans checkpoint v2 : impossible de deduire son historique du nombre de versions. Voir notice."
"2026-09-15T09:41:46.4094817Z";"fethy.faradji@infopro-digital.com -> UserMercury@infopro-digital.com";"analyse siret SIM VS SF.xlsx";"item";"Fichier cible preexistant sans checkpoint v2 : impossible de deduire son historique du nombre de versions. Voir notice."
"2026-09-15T09:41:46.5214682Z";"fethy.faradji@infopro-digital.com -> UserMercury@infopro-digital.com";"Analyses Factures Packs 2024-11-26 _retour.xlsx";"item";"Fichier cible preexistant sans checkpoint v2 : impossible de deduire son historique du nombre de versions. Voir notice."
"2026-09-15T09:41:46.6636006Z";"fethy.faradji@infopro-digital.com -> UserMercury@infopro-digital.com";"Analyses Factures Packs 2024-11-26 1.xlsx";"item";"Fichier cible preexistant sans checkpoint v2 : impossible de deduire son historique du nombre de versions. Voir notice."
"2026-09-15T09:41:46.7924600Z";"fethy.faradji@infopro-digital.com -> UserMercury@infopro-digital.com";"Architecture_globale.pptx";"item";"Fichier cible preexistant sans checkpoint v2 : impossible de deduire son historique du nombre de versions. Voir notice."
"2026-09-15T09:41:47.0568633Z";"fethy.faradji@infopro-digital.com -> UserMercury@infopro-digital.com";"ATTESTATION SUR L HONNEUR TELETRAVAIL.docx";"item";"Fichier cible preexistant sans checkpoint v2 : impossible de deduire son historique du nombre de versions. Voir notice."
"2026-09-15T09:41:47.1962914Z";"fethy.faradji@infopro-digital.com -> UserMercury@infopro-digital.com";"avis_from_bim.csv";"item";"Fichier cible preexistant sans checkpoint v2 : impossible de deduire son historique du nombre de versions. Voir notice."
"2026-09-15T09:41:47.3282074Z";"fethy.faradji@infopro-digital.com -> UserMercury@infopro-digital.com";"bu_price.xlsx";"item";"Fichier cible preexistant sans checkpoint v2 : impossible de deduire son historique du nombre de versions. Voir notice."
"2026-09-15T09:41:47.4382579Z";"fethy.faradji@infopro-digital.com -> UserMercury@infopro-digital.com";"champs_sf.xlsx";"item";"Fichier cible preexistant sans checkpoint v2 : impossible de deduire son historique du nombre de versions. Voir notice."
"2026-09-15T09:41:47.5503105Z";"fethy.faradji@infopro-digital.com -> UserMercury@infopro-digital.com";"ChangementsSIRETs-v2 (1).xlsx";"item";"Fichier cible preexistant sans checkpoint v2 : impossible de deduire son historique du nombre de versions. Voir notice."
"2026-09-15T09:41:47.6609943Z";"fethy.faradji@infopro-digital.com -> UserMercury@infopro-digital.com";"Classeur2.xlsx";"item";"Fichier cible preexistant sans checkpoint v2 : impossible de deduire son historique du nombre de versions. Voir notice."
"2026-09-15T09:41:47.7900404Z";"fethy.faradji@infopro-digital.com -> UserMercury@infopro-digital.com";"Classeur3.xlsx";"item";"Fichier cible preexistant sans checkpoint v2 : impossible de deduire son historique du nombre de versions. Voir notice."
"2026-09-15T09:41:47.9230252Z";"fethy.faradji@infopro-digital.com -> UserMercury@infopro-digital.com";"comparaison poc_prod.xlsx";"item";"Fichier cible preexistant sans checkpoint v2 : impossible de deduire son historique du nombre de versions. Voir notice."
"2026-09-15T09:41:48.0544152Z";"fethy.faradji@infopro-digital.com -> UserMercury@infopro-digital.com";"Copie de Copie de Transcodif balises_textes.xlsx";"item";"Fichier cible preexistant sans checkpoint v2 : impossible de deduire son historique du nombre de versions. Voir notice."
"2026-09-15T09:41:48.1666369Z";"fethy.faradji@infopro-digital.com -> UserMercury@infopro-digital.com";"D100124.doc";"item";"Fichier cible preexistant sans checkpoint v2 : impossible de deduire son historique du nombre de versions. Voir notice."
"2026-09-15T09:41:48.3005805Z";"fethy.faradji@infopro-digital.com -> UserMercury@infopro-digital.com";"doc synchro chatpgpt.docx";"item";"Fichier cible preexistant sans checkpoint v2 : impossible de deduire son historique du nombre de versions. Voir notice."
"2026-09-15T09:41:48.4388283Z";"fethy.faradji@infopro-digital.com -> UserMercury@infopro-digital.com";"EDB_monimail.docx";"item";"Fichier cible preexistant sans checkpoint v2 : impossible de deduire son historique du nombre de versions. Voir notice."
"2026-09-15T09:41:48.5458881Z";"fethy.faradji@infopro-digital.com -> UserMercury@infopro-digital.com";"errPub.csv";"item";"Fichier cible preexistant sans checkpoint v2 : impossible de deduire son historique du nombre de versions. Voir notice."
"2026-09-15T09:41:48.6490162Z";"fethy.faradji@infopro-digital.com -> UserMercury@infopro-digital.com";"export_licences.xlsx";"item";"Fichier cible preexistant sans checkpoint v2 : impossible de deduire son historique du nombre de versions. Voir notice."
"2026-09-15T09:41:48.6530157Z";"fethy.faradji@infopro-digital.com -> UserMercury@infopro-digital.com";"FETHI @ Infopro Digital";"item";"Raccourci, package/OneNote ou type special : transfert classique non pris en charge."
"2026-09-15T09:41:48.7574461Z";"fethy.faradji@infopro-digital.com -> UserMercury@infopro-digital.com";"fethiGates -partie Sharepoint.docx";"item";"Fichier cible preexistant sans checkpoint v2 : impossible de deduire son historique du nombre de versions. Voir notice."
"2026-09-15T09:41:48.7594457Z";"fethy.faradji@infopro-digital.com -> UserMercury@infopro-digital.com";"Fethy @ Infopro Digital";"item";"Raccourci, package/OneNote ou type special : transfert classique non pris en charge."
"2026-09-15T09:41:48.9316119Z";"fethy.faradji@infopro-digital.com -> UserMercury@infopro-digital.com";"flux nouveau serveur monimail.xlsx";"item";"Fichier cible preexistant sans checkpoint v2 : impossible de deduire son historique du nombre de versions. Voir notice."
"2026-09-15T09:41:49.0579660Z";"fethy.faradji@infopro-digital.com -> UserMercury@infopro-digital.com";"id_facture.csv";"item";"Fichier cible preexistant sans checkpoint v2 : impossible de deduire son historique du nombre de versions. Voir notice."
"2026-09-15T09:41:49.2121484Z";"fethy.faradji@infopro-digital.com -> UserMercury@infopro-digital.com";"identité_a_rattrapé.csv";"item";"Fichier cible preexistant sans checkpoint v2 : impossible de deduire son historique du nombre de versions. Voir notice."
"2026-09-15T09:41:49.3087261Z";"fethy.faradji@infopro-digital.com -> UserMercury@infopro-digital.com";"insert into sqlserver semaine.xlsx";"item";"Fichier cible preexistant sans checkpoint v2 : impossible de deduire son historique du nombre de versions. Voir notice."
"2026-09-15T09:41:49.4121131Z";"fethy.faradji@infopro-digital.com -> UserMercury@infopro-digital.com";"liste_ID_Stephane.csv";"item";"Fichier cible preexistant sans checkpoint v2 : impossible de deduire son historique du nombre de versions. Voir notice."
"2026-09-15T09:41:49.5330670Z";"fethy.faradji@infopro-digital.com -> UserMercury@infopro-digital.com";"LISTE_OBJETS_TMP.csv";"item";"Fichier cible preexistant sans checkpoint v2 : impossible de deduire son historique du nombre de versions. Voir notice."
"2026-09-15T09:41:49.6422772Z";"fethy.faradji@infopro-digital.com -> UserMercury@infopro-digital.com";"LISTE_OBJETS_TMP.xlsx";"item";"Fichier cible preexistant sans checkpoint v2 : impossible de deduire son historique du nombre de versions. Voir notice."
"2026-09-15T09:41:49.7384575Z";"fethy.faradji@infopro-digital.com -> UserMercury@infopro-digital.com";"matrice de flux.xlsx";"item";"Fichier cible preexistant sans checkpoint v2 : impossible de deduire son historique du nombre de versions. Voir notice."
"2026-09-15T09:41:49.8546906Z";"fethy.faradji@infopro-digital.com -> UserMercury@infopro-digital.com";"mep pouky.xlsx";"item";"Fichier cible preexistant sans checkpoint v2 : impossible de deduire son historique du nombre de versions. Voir notice."
"2026-09-15T09:41:50.0004343Z";"fethy.faradji@infopro-digital.com -> UserMercury@infopro-digital.com";"mise à jour du code rum.xlsx";"item";"Fichier cible preexistant sans checkpoint v2 : impossible de deduire son historique du nombre de versions. Voir notice."
"2026-09-15T09:41:50.1664693Z";"fethy.faradji@infopro-digital.com -> UserMercury@infopro-digital.com";"mise_a_jour_des_seuils.xlsx";"item";"Fichier cible preexistant sans checkpoint v2 : impossible de deduire son historique du nombre de versions. Voir notice."
"2026-09-15T09:41:50.2834155Z";"fethy.faradji@infopro-digital.com -> UserMercury@infopro-digital.com";"Modele_CRA_juillet_2021.xlsx";"item";"Fichier cible preexistant sans checkpoint v2 : impossible de deduire son historique du nombre de versions. Voir notice."
"2026-09-15T09:41:50.3962744Z";"fethy.faradji@infopro-digital.com -> UserMercury@infopro-digital.com";"Monimail new.docx";"item";"Fichier cible preexistant sans checkpoint v2 : impossible de deduire son historique du nombre de versions. Voir notice."
"2026-09-15T09:41:50.5563929Z";"fethy.faradji@infopro-digital.com -> UserMercury@infopro-digital.com";"netoyage order.xlsx";"item";"Fichier cible preexistant sans checkpoint v2 : impossible de deduire son historique du nombre de versions. Voir notice."
"2026-09-15T09:41:50.6563546Z";"fethy.faradji@infopro-digital.com -> UserMercury@infopro-digital.com";"OneDrive - Infopro Digital - Raccourci.lnk";"item";"Fichier cible preexistant sans checkpoint v2 : impossible de deduire son historique du nombre de versions. Voir notice."
"2026-09-15T09:41:50.7537809Z";"fethy.faradji@infopro-digital.com -> UserMercury@infopro-digital.com";"Order MAJ 30-07.csv";"item";"Fichier cible preexistant sans checkpoint v2 : impossible de deduire son historique du nombre de versions. Voir notice."
"2026-09-15T09:41:50.8730431Z";"fethy.faradji@infopro-digital.com -> UserMercury@infopro-digital.com";"Pop up bloqué dans SIMNET.docx";"item";"Fichier cible preexistant sans checkpoint v2 : impossible de deduire son historique du nombre de versions. Voir notice."
"2026-09-15T09:41:50.9760907Z";"fethy.faradji@infopro-digital.com -> UserMercury@infopro-digital.com";"publications_brute.xlsx";"item";"Fichier cible preexistant sans checkpoint v2 : impossible de deduire son historique du nombre de versions. Voir notice."
"2026-09-15T09:41:51.0943199Z";"fethy.faradji@infopro-digital.com -> UserMercury@infopro-digital.com";"Recette problème de support AO.docx";"item";"Fichier cible preexistant sans checkpoint v2 : impossible de deduire son historique du nombre de versions. Voir notice."
"2026-09-15T09:41:51.2105457Z";"fethy.faradji@infopro-digital.com -> UserMercury@infopro-digital.com";"régle de simx_AO_pub.docx";"item";"Fichier cible preexistant sans checkpoint v2 : impossible de deduire son historique du nombre de versions. Voir notice."
"2026-09-15T09:41:51.3603603Z";"fethy.faradji@infopro-digital.com -> UserMercury@infopro-digital.com";"rejet avis 02-08-2024.xlsx";"item";"Fichier cible preexistant sans checkpoint v2 : impossible de deduire son historique du nombre de versions. Voir notice."
"2026-09-15T09:41:51.5162547Z";"fethy.faradji@infopro-digital.com -> UserMercury@infopro-digital.com";"résultat facture.xlsx";"item";"Fichier cible preexistant sans checkpoint v2 : impossible de deduire son historique du nombre de versions. Voir notice."
"2026-09-15T09:41:51.6218218Z";"fethy.faradji@infopro-digital.com -> UserMercury@infopro-digital.com";"Retour_analyse_Facture.xlsx";"item";"Fichier cible preexistant sans checkpoint v2 : impossible de deduire son historique du nombre de versions. Voir notice."
"2026-09-15T09:41:51.7200350Z";"fethy.faradji@infopro-digital.com -> UserMercury@infopro-digital.com";"suivi_market_2023.xlsx";"item";"Fichier cible preexistant sans checkpoint v2 : impossible de deduire son historique du nombre de versions. Voir notice."
"2026-09-15T09:41:51.8339653Z";"fethy.faradji@infopro-digital.com -> UserMercury@infopro-digital.com";"suport_monimail.xlsx";"item";"Fichier cible preexistant sans checkpoint v2 : impossible de deduire son historique du nombre de versions. Voir notice."
"2026-09-15T09:41:51.9435000Z";"fethy.faradji@infopro-digital.com -> UserMercury@infopro-digital.com";"Téléchargements - Raccourci.lnk";"item";"Fichier cible preexistant sans checkpoint v2 : impossible de deduire son historique du nombre de versions. Voir notice."
"2026-09-15T09:41:52.0434824Z";"fethy.faradji@infopro-digital.com -> UserMercury@infopro-digital.com";"test.xlsx";"item";"Fichier cible preexistant sans checkpoint v2 : impossible de deduire son historique du nombre de versions. Voir notice."
"2026-09-15T09:41:52.1502276Z";"fethy.faradji@infopro-digital.com -> UserMercury@infopro-digital.com";"update_delete_order.xlsx";"item";"Fichier cible preexistant sans checkpoint v2 : impossible de deduire son historique du nombre de versions. Voir notice."
"2026-09-15T09:41:52.2537676Z";"fethy.faradji@infopro-digital.com -> UserMercury@infopro-digital.com";"vérifications de procédure de reporting.docx";"item";"Fichier cible preexistant sans checkpoint v2 : impossible de deduire son historique du nombre de versions. Voir notice."
