"horodatage_collecte","fichier","version_id","version_modifiee_utc","version_modifiee_par"
"03/08/2026 10:57:50","Fichiers de conversation Microsoft Teams/41G1ohnr8wL._SY300_QL70_.jpg","1.0","2026-07-29T08:18:13Z",""
"03/08/2026 10:57:52","Fichiers de conversation Microsoft Teams/cross_tenant_split_scripts.zip","1.0","2026-07-29T08:20:51Z",""
"03/08/2026 10:57:53","Fichiers de conversation Microsoft Teams/darkcanard_.jpg","1.0","2026-07-29T08:19:00Z",""
"03/08/2026 10:57:55","mep nameShield/01- create_table_dw.sql","1.0","2026-07-29T08:17:23Z",""
"03/08/2026 10:57:56","mep nameShield/02 - create_foreign_table_dm.sql","1.0","2026-07-29T08:17:23Z",""
"03/08/2026 10:57:57","mep nameShield/03 - create_views_dm.sql","1.0","2026-07-29T08:17:23Z",""
"03/08/2026 10:57:59","publish/cs/Microsoft.Data.SqlClient.resources.dll","1.0","2026-07-29T08:18:00Z",""
"03/08/2026 10:58:01","publish/de/Microsoft.Data.SqlClient.resources.dll","1.0","2026-07-29T08:18:00Z",""
"03/08/2026 10:58:02","publish/es/Microsoft.Data.SqlClient.resources.dll","1.0","2026-07-29T08:18:01Z",""
"03/08/2026 10:58:04","publish/fr/Microsoft.Data.SqlClient.resources.dll","1.0","2026-07-29T08:18:02Z",""
"03/08/2026 10:58:06","publish/it/Microsoft.Data.SqlClient.resources.dll","1.0","2026-07-29T08:18:01Z",""
"03/08/2026 10:58:07","publish/ja/Microsoft.Data.SqlClient.resources.dll","1.0","2026-07-29T08:18:01Z",""
"03/08/2026 10:58:09","publish/ko/Microsoft.Data.SqlClient.resources.dll","1.0","2026-07-29T08:18:02Z",""
"03/08/2026 10:58:11","publish/pl/Microsoft.Data.SqlClient.resources.dll","1.0","2026-07-29T08:18:02Z",""
"03/08/2026 10:58:12","publish/pt-BR/Microsoft.Data.SqlClient.resources.dll","1.0","2026-07-29T08:18:02Z",""
"03/08/2026 10:58:14","publish/ru/Microsoft.Data.SqlClient.resources.dll","1.0","2026-07-29T08:18:02Z",""
"03/08/2026 10:58:16","publish/runtimes/unix/lib/net8.0/Microsoft.Data.SqlClient.dll","1.0","2026-07-29T08:18:06Z",""
"03/08/2026 10:58:19","publish/runtimes/unix/lib/net8.0/System.Data.SqlClient.dll","1.0","2026-07-29T08:18:06Z",""
"03/08/2026 10:58:21","publish/runtimes/win/lib/net8.0/Microsoft.Data.SqlClient.dll","1.0","2026-07-29T08:18:05Z",""
"03/08/2026 10:58:23","publish/runtimes/win/lib/net8.0/System.Data.SqlClient.dll","1.0","2026-07-29T08:18:05Z",""
"03/08/2026 10:58:25","publish/runtimes/win/lib/net8.0/System.Diagnostics.EventLog.dll","1.0","2026-07-29T08:18:05Z",""
"03/08/2026 10:58:27","publish/runtimes/win/lib/net8.0/System.Security.Cryptography.Pkcs.dll","1.0","2026-07-29T08:18:05Z",""
"03/08/2026 10:58:29","publish/runtimes/win-arm64/native/Microsoft.Data.SqlClient.SNI.dll","1.0","2026-07-29T08:18:03Z",""
"03/08/2026 10:58:31","publish/runtimes/win-arm64/native/sni.dll","1.0","2026-07-29T08:18:03Z",""
"03/08/2026 10:58:33","publish/runtimes/win-x64/native/Microsoft.Data.SqlClient.SNI.dll","1.0","2026-07-29T08:18:03Z",""
"03/08/2026 10:58:35","publish/runtimes/win-x64/native/sni.dll","1.0","2026-07-29T08:18:03Z",""
"03/08/2026 10:58:37","publish/runtimes/win-x86/native/Microsoft.Data.SqlClient.SNI.dll","1.0","2026-07-29T08:18:04Z",""
"03/08/2026 10:58:39","publish/runtimes/win-x86/native/sni.dll","1.0","2026-07-29T08:18:04Z",""
"03/08/2026 10:58:40","publish/tr/Microsoft.Data.SqlClient.resources.dll","1.0","2026-07-29T08:18:02Z",""
"03/08/2026 10:58:42","publish/zh-Hans/Microsoft.Data.SqlClient.resources.dll","1.0","2026-07-29T08:18:03Z",""
"03/08/2026 10:58:43","publish/zh-Hant/Microsoft.Data.SqlClient.resources.dll","1.0","2026-07-29T08:18:02Z",""
"03/08/2026 10:58:45","publish/appsettings.Development.json","1.0","2026-07-29T08:17:52Z",""
"03/08/2026 10:58:46","publish/appsettings.json","1.0","2026-07-29T08:17:52Z",""
"03/08/2026 10:58:47","publish/Azure.Core.dll","1.0","2026-07-29T08:17:53Z",""
"03/08/2026 10:58:49","publish/Azure.Identity.dll","1.0","2026-07-29T08:17:53Z",""
"03/08/2026 10:58:50","publish/CreaModifAd-Connect.deps.json","1.0","2026-07-29T08:17:53Z",""
"03/08/2026 10:58:52","publish/CreaModifAd-Connect.dll","1.0","2026-07-29T08:17:53Z",""
"03/08/2026 10:58:53","publish/CreaModifAd-Connect.exe","1.0","2026-07-29T08:17:53Z",""
"03/08/2026 10:58:54","publish/CreaModifAd-Connect.pdb","1.0","2026-07-29T08:17:54Z",""
"03/08/2026 10:58:56","publish/CreaModifAd-Connect.runtimeconfig.json","1.0","2026-07-29T08:17:54Z",""
"03/08/2026 10:58:57","publish/CreaModifAd-Connect.staticwebassets.endpoints.json","1.0","2026-07-29T08:17:55Z",""
"03/08/2026 10:58:58","publish/Dapper.dll","1.0","2026-07-29T08:17:54Z",""
"03/08/2026 10:59:00","publish/Microsoft.Bcl.AsyncInterfaces.dll","1.0","2026-07-29T08:17:54Z",""
"03/08/2026 10:59:01","publish/Microsoft.Bcl.Cryptography.dll","1.0","2026-07-29T08:17:54Z",""
"03/08/2026 10:59:02","publish/Microsoft.Data.SqlClient.dll","1.0","2026-07-29T08:17:55Z",""
"03/08/2026 10:59:04","publish/Microsoft.Extensions.Caching.Memory.dll","1.0","2026-07-29T08:17:55Z",""
"03/08/2026 10:59:05","publish/Microsoft.Extensions.DependencyInjection.Abstractions.dll","1.0","2026-07-29T08:17:56Z",""
"03/08/2026 10:59:07","publish/Microsoft.Extensions.Logging.Abstractions.dll","1.0","2026-07-29T08:17:55Z",""
"03/08/2026 10:59:08","publish/Microsoft.Extensions.Options.dll","1.0","2026-07-29T08:17:55Z",""
"03/08/2026 10:59:10","publish/Microsoft.Identity.Client.dll","1.0","2026-07-29T08:17:56Z",""
"03/08/2026 10:59:11","publish/Microsoft.Identity.Client.Extensions.Msal.dll","1.0","2026-07-29T08:17:56Z",""
"03/08/2026 10:59:13","publish/Microsoft.IdentityModel.Abstractions.dll","1.0","2026-07-29T08:17:56Z",""
"03/08/2026 10:59:14","publish/Microsoft.IdentityModel.JsonWebTokens.dll","1.0","2026-07-29T08:17:56Z",""
"03/08/2026 10:59:16","publish/Microsoft.IdentityModel.Logging.dll","1.0","2026-07-29T08:17:56Z",""
"03/08/2026 10:59:17","publish/Microsoft.IdentityModel.Protocols.dll","1.0","2026-07-29T08:17:56Z",""
"03/08/2026 10:59:18","publish/Microsoft.IdentityModel.Protocols.OpenIdConnect.dll","1.0","2026-07-29T08:17:56Z",""
"03/08/2026 10:59:20","publish/Microsoft.IdentityModel.Tokens.dll","1.0","2026-07-29T08:17:57Z",""
"03/08/2026 10:59:21","publish/Microsoft.OpenApi.dll","1.0","2026-07-29T08:17:57Z",""
"03/08/2026 10:59:23","publish/Microsoft.SqlServer.Server.dll","1.0","2026-07-29T08:17:57Z",""
"03/08/2026 10:59:24","publish/Swashbuckle.AspNetCore.Swagger.dll","1.0","2026-07-29T08:17:57Z",""
"03/08/2026 10:59:25","publish/Swashbuckle.AspNetCore.SwaggerGen.dll","1.0","2026-07-29T08:17:58Z",""
"03/08/2026 10:59:27","publish/Swashbuckle.AspNetCore.SwaggerUI.dll","1.0","2026-07-29T08:17:58Z",""
"03/08/2026 10:59:29","publish/System.ClientModel.dll","1.0","2026-07-29T08:17:58Z",""
"03/08/2026 10:59:30","publish/System.Configuration.ConfigurationManager.dll","1.0","2026-07-29T08:17:58Z",""
"03/08/2026 10:59:32","publish/System.Data.SqlClient.dll","1.0","2026-07-29T08:17:59Z",""
"03/08/2026 10:59:33","publish/System.Diagnostics.EventLog.dll","1.0","2026-07-29T08:17:59Z",""
"03/08/2026 10:59:34","publish/System.IdentityModel.Tokens.Jwt.dll","1.0","2026-07-29T08:17:59Z",""
"03/08/2026 10:59:36","publish/System.Memory.Data.dll","1.0","2026-07-29T08:17:59Z",""
"03/08/2026 10:59:37","publish/System.Security.Cryptography.Pkcs.dll","1.0","2026-07-29T08:18:00Z",""
"03/08/2026 10:59:39","publish/System.Security.Cryptography.ProtectedData.dll","1.0","2026-07-29T08:18:00Z",""
"03/08/2026 10:59:40","publish/web.config","1.0","2026-07-29T08:18:00Z",""
"03/08/2026 10:59:41","41G1ohnr8wL._SY300_QL70_.jpg","1.0","2026-07-29T08:16:20Z",""
"03/08/2026 10:59:42","41G1ohnr8wL._SY300_QL70_.jpg","2.0","2026-07-29T08:39:12Z",""
"03/08/2026 10:59:43","batcanard.webp","1.0","2026-07-29T08:16:20Z",""
"03/08/2026 10:59:44","c39209238e019e0ce5df7c537e0c9c5e.jpg","1.0","2026-07-29T08:16:20Z",""
"03/08/2026 10:59:45","test.csv","1.0","2026-07-29T08:17:06Z",""
"03/08/2026 10:59:49","test.xlsx","1.0","2026-07-29T08:35:21Z",""
"03/08/2026 10:59:51","test1.xlsx","1.0","2026-07-29T08:36:20Z",""
"03/08/2026 10:59:52","test1.xlsx","2.0","2026-07-29T08:36:59Z",""
"03/08/2026 10:59:53","test2.xlsx","1.0","2026-07-29T08:37:16Z",""
"03/08/2026 10:59:54","test2.xlsx","2.0","2026-07-29T08:37:58Z",""
