"Timestamp","Stage","Action","Status","Object","Detail"
"2026-09-24T14:26:03","Export","Site source lu","Success","FethiGate","/sites/fethygate"
"2026-09-24T14:26:04","Export","Groupe natif du site non recree","Skipped","FethiGate - Membres",""
"2026-09-24T14:26:04","Export","Groupe natif du site non recree","Skipped","FethiGate - Visiteurs",""
"2026-09-24T14:26:04","Export","Groupe natif du site non recree","Skipped","Propriétaires de FethiGate",""
"2026-09-24T14:26:15","Export","Export JSON termine","Success","C:\Users\ffaradji-op\Desktop\Mercury script powershell\sharepoint\SharePoint-Permissions-Migration\SharePointPermissions.json","0 niveaux, 3 groupes, 8 objets securises"
"2026-09-24T14:26:16","Groups","Groupe existant reutilise","Success","CustomFethiRights",""
"2026-09-24T14:26:16","Groups","Groupe existant reutilise","Success","grp_test",""
"2026-09-24T14:26:16","Groups","Groupe existant reutilise","Success","test",""
"2026-09-24T14:26:17","Groups","Membre ajoute","Success","CustomFethiRights","i:0#.f|membership|wheuang-op2@infopro-digital.com"
"2026-09-24T14:26:18","Groups","Membre ajoute","Success","grp_test","i:0#.f|membership|fethy.faradji@infopro-digital.com"
"2026-09-24T14:26:18","Groups","Membre ajoute","Success","test","i:0#.f|membership|fethy.faradji@infopro-digital.com"
"2026-09-24T14:26:19","Permissions","Autorisation ajoutee","Success","Site racine","CustomFethiRights -> Affichage restreint"
"2026-09-24T14:26:20","Permissions","Droits cibles existants remplaces par ceux de la source","Success","Element : Documents partages/Drive ECHOLINE",""
"2026-09-24T14:26:21","Permissions","Autorisation ajoutee","Success","Element : Documents partages/Drive ECHOLINE","Propriétaires de fethiMercury -> Contrôle total"
"2026-09-24T14:26:22","Permissions","Autorisation ajoutee","Success","Element : Documents partages/Drive ECHOLINE","fethiMercury - Visiteurs -> Lecture"
"2026-09-24T14:26:22","Permissions","Autorisation ajoutee","Success","Element : Documents partages/Drive ECHOLINE","fethiMercury - Membres -> Modification"
"2026-09-24T14:26:23","Permissions","Autorisation ajoutee","Success","Element : Documents partages/Drive ECHOLINE","i:0#.f|membership|usertest2.ipdlab@infopro-digital.fr -> Collaboration"
"2026-09-24T14:26:24","Permissions","Autorisation ajoutee","Success","Element : Documents partages/Drive ECHOLINE","i:0#.f|membership|fethy.faradji@infopro-digital.com -> Collaboration"
"2026-09-24T14:26:25","Permissions","Droits cibles existants remplaces par ceux de la source","Success","Element : Documents partages/SCRIPT",""
"2026-09-24T14:26:26","Permissions","Autorisation ajoutee","Success","Element : Documents partages/SCRIPT","Propriétaires de fethiMercury -> Contrôle total"
"2026-09-24T14:26:26","Permissions","Autorisation ajoutee","Success","Element : Documents partages/SCRIPT","fethiMercury - Visiteurs -> Lecture"
"2026-09-24T14:26:27","Permissions","Autorisation ajoutee","Success","Element : Documents partages/SCRIPT","fethiMercury - Membres -> Modification"
"2026-09-24T14:26:28","Permissions","Autorisation ajoutee","Success","Element : Documents partages/SCRIPT","i:0#.f|membership|usertest2.ipdlab@infopro-digital.fr -> Collaboration"
"2026-09-24T14:26:29","Permissions","Droits cibles existants remplaces par ceux de la source","Success","Element : Documents partages/Audit_user_gmail.xlsx",""
"2026-09-24T14:26:30","Permissions","Autorisation ajoutee","Success","Element : Documents partages/Audit_user_gmail.xlsx","Propriétaires de fethiMercury -> Contrôle total"
"2026-09-24T14:26:30","Permissions","Autorisation ajoutee","Success","Element : Documents partages/Audit_user_gmail.xlsx","fethiMercury - Visiteurs -> Lecture"
"2026-09-24T14:26:31","Permissions","Autorisation ajoutee","Success","Element : Documents partages/Audit_user_gmail.xlsx","fethiMercury - Membres -> Modification"
"2026-09-24T14:26:32","Permissions","Autorisation ajoutee","Success","Element : Documents partages/Audit_user_gmail.xlsx","i:0#.f|membership|usertest2.ipdlab@infopro-digital.fr -> Collaboration"
"2026-09-24T14:26:33","Permissions","Droits cibles existants remplaces par ceux de la source","Success","Element : Documents partages/Capture d’écran 2026-01-27 172058.jpg",""
"2026-09-24T14:26:34","Permissions","Autorisation ajoutee","Success","Element : Documents partages/Capture d’écran 2026-01-27 172058.jpg","Propriétaires de fethiMercury -> Contrôle total"
"2026-09-24T14:26:35","Permissions","Autorisation ajoutee","Success","Element : Documents partages/Capture d’écran 2026-01-27 172058.jpg","fethiMercury - Visiteurs -> Lecture"
"2026-09-24T14:26:36","Permissions","Autorisation ajoutee","Success","Element : Documents partages/Capture d’écran 2026-01-27 172058.jpg","fethiMercury - Membres -> Modification"
"2026-09-24T14:26:37","Permissions","Autorisation ajoutee","Success","Element : Documents partages/Capture d’écran 2026-01-27 172058.jpg","i:0#.f|membership|usertest2.ipdlab@infopro-digital.fr -> Collaboration"
"2026-09-24T14:26:38","Permissions","Droits cibles existants remplaces par ceux de la source","Success","Element : Documents partages/emailaddress.csv",""
"2026-09-24T14:26:38","Permissions","Autorisation ajoutee","Success","Element : Documents partages/emailaddress.csv","Propriétaires de fethiMercury -> Contrôle total"
"2026-09-24T14:26:39","Permissions","Autorisation ajoutee","Success","Element : Documents partages/emailaddress.csv","fethiMercury - Visiteurs -> Lecture"
"2026-09-24T14:26:40","Permissions","Autorisation ajoutee","Success","Element : Documents partages/emailaddress.csv","fethiMercury - Membres -> Modification"
"2026-09-24T14:26:41","Permissions","Autorisation ajoutee","Success","Element : Documents partages/emailaddress.csv","i:0#.f|membership|usertest2.ipdlab@infopro-digital.fr -> Collaboration"
"2026-09-24T14:26:41","Permissions","Droits cibles existants remplaces par ceux de la source","Success","Element : Documents partages/Members_.csv",""
"2026-09-24T14:26:42","Permissions","Autorisation ajoutee","Success","Element : Documents partages/Members_.csv","Propriétaires de fethiMercury -> Contrôle total"
"2026-09-24T14:26:43","Permissions","Autorisation ajoutee","Success","Element : Documents partages/Members_.csv","fethiMercury - Visiteurs -> Lecture"
"2026-09-24T14:26:43","Permissions","Autorisation ajoutee","Success","Element : Documents partages/Members_.csv","fethiMercury - Membres -> Modification"
"2026-09-24T14:26:44","Permissions","Autorisation ajoutee","Success","Element : Documents partages/Members_.csv","i:0#.f|membership|usertest2.ipdlab@infopro-digital.fr -> Collaboration"
"2026-09-24T14:26:45","Permissions","Droits cibles existants remplaces par ceux de la source","Success","Element : Documents partages/Members_support_CUSTOMRIGHTSTEST.csv",""
"2026-09-24T14:26:46","Permissions","Autorisation ajoutee","Success","Element : Documents partages/Members_support_CUSTOMRIGHTSTEST.csv","Propriétaires de fethiMercury -> Contrôle total"
"2026-09-24T14:26:47","Permissions","Autorisation ajoutee","Success","Element : Documents partages/Members_support_CUSTOMRIGHTSTEST.csv","i:0#.f|membership|usertest2.ipdlab@infopro-digital.fr -> Collaboration"
"2026-09-24T14:26:47","Permissions","Autorisation ajoutee","Success","Element : Documents partages/Members_support_CUSTOMRIGHTSTEST.csv","CustomFethiRights -> Modification"
"2026-09-24T14:26:48","Permissions","Autorisation ajoutee","Success","Element : Documents partages/Members_support_CUSTOMRIGHTSTEST.csv","i:0#.f|membership|fethi.faradji_gmail.com#ext#@infoprodigital365.onmicrosoft.com -> Affichage restreint"
